inventory_id,relative_path,functional_area,reason,recommended_handling
SRC-000005,REDACTED-SENSITIVE-SOURCE/SRC-000005.docx,Onboarding,"Likely contains personal, financial or private operational data; committed path is redacted.",Do not commit raw content. Use redacted summaries or synthetic templates only.
SRC-000006,REDACTED-SENSITIVE-SOURCE/SRC-000006.xlsx,Administration,"Likely contains personal, financial or private operational data; committed path is redacted.",Do not commit raw content. Use redacted summaries or synthetic templates only.
SRC-000016,REDACTED-SENSITIVE-SOURCE/SRC-000016.pptx,Kickoff camp,"Likely contains personal, financial or private operational data; committed path is redacted.",Do not commit raw content. Use redacted summaries or synthetic templates only.
SRC-000031,REDACTED-SENSITIVE-SOURCE/SRC-000031.pptx,Compass Evening,"Likely contains personal, financial or private operational data; committed path is redacted.",Do not commit raw content. Use redacted summaries or synthetic templates only.
SRC-000032,REDACTED-SENSITIVE-SOURCE/SRC-000032.pdf,Rite of passage,"Likely contains personal, financial or private operational data; committed path is redacted.",Do not commit raw content. Use redacted summaries or synthetic templates only.
SRC-000033,REDACTED-SENSITIVE-SOURCE/SRC-000033.pdf,Rite of passage,"Likely contains personal, financial or private operational data; committed path is redacted.",Do not commit raw content. Use redacted summaries or synthetic templates only.
SRC-000034,REDACTED-SENSITIVE-SOURCE/SRC-000034.pdf,Rite of passage,"Likely contains personal, financial or private operational data; committed path is redacted.",Do not commit raw content. Use redacted summaries or synthetic templates only.
SRC-000041,REDACTED-SENSITIVE-SOURCE/SRC-000041.xlsx,Rite of passage,"Likely contains personal, financial or private operational data; committed path is redacted.",Do not commit raw content. Use redacted summaries or synthetic templates only.
SRC-000046,REDACTED-SENSITIVE-SOURCE/SRC-000046.pdf,Finance,"Likely contains personal, financial or private operational data; committed path is redacted.",Do not commit raw content. Use redacted summaries or synthetic templates only.
SRC-000047,REDACTED-SENSITIVE-SOURCE/SRC-000047.xlsx,Finance,"Likely contains personal, financial or private operational data; committed path is redacted.",Do not commit raw content. Use redacted summaries or synthetic templates only.
SRC-000048,REDACTED-SENSITIVE-SOURCE/SRC-000048.jpeg,Finance,"Likely contains personal, financial or private operational data; committed path is redacted.",Do not commit raw content. Use redacted summaries or synthetic templates only.
SRC-000049,REDACTED-SENSITIVE-SOURCE/SRC-000049.jpeg,Kickoff camp,"Likely contains personal, financial or private operational data; committed path is redacted.",Do not commit raw content. Use redacted summaries or synthetic templates only.
SRC-000053,REDACTED-SENSITIVE-SOURCE/SRC-000053.xlsx,Rite of passage,"Likely contains personal, financial or private operational data; committed path is redacted.",Do not commit raw content. Use redacted summaries or synthetic templates only.
SRC-000056,REDACTED-SENSITIVE-SOURCE/SRC-000056.xlsx,Administration,"Likely contains personal, financial or private operational data; committed path is redacted.",Do not commit raw content. Use redacted summaries or synthetic templates only.
SRC-000057,REDACTED-SENSITIVE-SOURCE/SRC-000057.xlsx,Other,"Likely contains personal, financial or private operational data; committed path is redacted.",Do not commit raw content. Use redacted summaries or synthetic templates only.
SRC-000060,REDACTED-SENSITIVE-SOURCE/SRC-000060.docx,Finance,"Likely contains personal, financial or private operational data; committed path is redacted.",Do not commit raw content. Use redacted summaries or synthetic templates only.
SRC-000061,REDACTED-SENSITIVE-SOURCE/SRC-000061.docx,Finance,"Likely contains personal, financial or private operational data; committed path is redacted.",Do not commit raw content. Use redacted summaries or synthetic templates only.
SRC-000062,REDACTED-SENSITIVE-SOURCE/SRC-000062.docx,Finance,"Likely contains personal, financial or private operational data; committed path is redacted.",Do not commit raw content. Use redacted summaries or synthetic templates only.
SRC-000063,REDACTED-SENSITIVE-SOURCE/SRC-000063.docx,Finance,"Likely contains personal, financial or private operational data; committed path is redacted.",Do not commit raw content. Use redacted summaries or synthetic templates only.
SRC-000064,REDACTED-SENSITIVE-SOURCE/SRC-000064.docx,Finance,"Likely contains personal, financial or private operational data; committed path is redacted.",Do not commit raw content. Use redacted summaries or synthetic templates only.
SRC-000065,REDACTED-SENSITIVE-SOURCE/SRC-000065.docx,Finance,"Likely contains personal, financial or private operational data; committed path is redacted.",Do not commit raw content. Use redacted summaries or synthetic templates only.
SRC-000066,REDACTED-SENSITIVE-SOURCE/SRC-000066.docx,Finance,"Likely contains personal, financial or private operational data; committed path is redacted.",Do not commit raw content. Use redacted summaries or synthetic templates only.
SRC-000067,REDACTED-SENSITIVE-SOURCE/SRC-000067.docx,Finance,"Likely contains personal, financial or private operational data; committed path is redacted.",Do not commit raw content. Use redacted summaries or synthetic templates only.
SRC-000068,REDACTED-SENSITIVE-SOURCE/SRC-000068.docx,Finance,"Likely contains personal, financial or private operational data; committed path is redacted.",Do not commit raw content. Use redacted summaries or synthetic templates only.
SRC-000069,REDACTED-SENSITIVE-SOURCE/SRC-000069.docx,Finance,"Likely contains personal, financial or private operational data; committed path is redacted.",Do not commit raw content. Use redacted summaries or synthetic templates only.
SRC-000073,REDACTED-SENSITIVE-SOURCE/SRC-000073.pdf,Compass Evening,"Likely contains personal, financial or private operational data; committed path is redacted.",Do not commit raw content. Use redacted summaries or synthetic templates only.
SRC-000076,REDACTED-SENSITIVE-SOURCE/SRC-000076.xlsx,Administration,"Likely contains personal, financial or private operational data; committed path is redacted.",Do not commit raw content. Use redacted summaries or synthetic templates only.
SRC-000077,REDACTED-SENSITIVE-SOURCE/SRC-000077.xlsx,Rite of passage,"Likely contains personal, financial or private operational data; committed path is redacted.",Do not commit raw content. Use redacted summaries or synthetic templates only.
SRC-000083,REDACTED-SENSITIVE-SOURCE/SRC-000083.docx,Onboarding,"Likely contains personal, financial or private operational data; committed path is redacted.",Do not commit raw content. Use redacted summaries or synthetic templates only.
SRC-000084,REDACTED-SENSITIVE-SOURCE/SRC-000084.xlsx,Administration,"Likely contains personal, financial or private operational data; committed path is redacted.",Do not commit raw content. Use redacted summaries or synthetic templates only.
SRC-000094,REDACTED-SENSITIVE-SOURCE/SRC-000094.pptx,Kickoff camp,"Likely contains personal, financial or private operational data; committed path is redacted.",Do not commit raw content. Use redacted summaries or synthetic templates only.
SRC-000109,REDACTED-SENSITIVE-SOURCE/SRC-000109.pptx,Compass Evening,"Likely contains personal, financial or private operational data; committed path is redacted.",Do not commit raw content. Use redacted summaries or synthetic templates only.
SRC-000110,REDACTED-SENSITIVE-SOURCE/SRC-000110.pdf,Rite of passage,"Likely contains personal, financial or private operational data; committed path is redacted.",Do not commit raw content. Use redacted summaries or synthetic templates only.
SRC-000111,REDACTED-SENSITIVE-SOURCE/SRC-000111.pdf,Rite of passage,"Likely contains personal, financial or private operational data; committed path is redacted.",Do not commit raw content. Use redacted summaries or synthetic templates only.
SRC-000112,REDACTED-SENSITIVE-SOURCE/SRC-000112.pdf,Rite of passage,"Likely contains personal, financial or private operational data; committed path is redacted.",Do not commit raw content. Use redacted summaries or synthetic templates only.
SRC-000119,REDACTED-SENSITIVE-SOURCE/SRC-000119.xlsx,Rite of passage,"Likely contains personal, financial or private operational data; committed path is redacted.",Do not commit raw content. Use redacted summaries or synthetic templates only.
SRC-000124,REDACTED-SENSITIVE-SOURCE/SRC-000124.pdf,Finance,"Likely contains personal, financial or private operational data; committed path is redacted.",Do not commit raw content. Use redacted summaries or synthetic templates only.
SRC-000125,REDACTED-SENSITIVE-SOURCE/SRC-000125.xlsx,Finance,"Likely contains personal, financial or private operational data; committed path is redacted.",Do not commit raw content. Use redacted summaries or synthetic templates only.
SRC-000126,REDACTED-SENSITIVE-SOURCE/SRC-000126.jpeg,Finance,"Likely contains personal, financial or private operational data; committed path is redacted.",Do not commit raw content. Use redacted summaries or synthetic templates only.
SRC-000127,REDACTED-SENSITIVE-SOURCE/SRC-000127.jpeg,Kickoff camp,"Likely contains personal, financial or private operational data; committed path is redacted.",Do not commit raw content. Use redacted summaries or synthetic templates only.
SRC-000128,REDACTED-SENSITIVE-SOURCE/SRC-000128.docx,Onboarding,"Likely contains personal, financial or private operational data; committed path is redacted.",Do not commit raw content. Use redacted summaries or synthetic templates only.
SRC-000129,REDACTED-SENSITIVE-SOURCE/SRC-000129.xlsx,Administration,"Likely contains personal, financial or private operational data; committed path is redacted.",Do not commit raw content. Use redacted summaries or synthetic templates only.
SRC-000132,REDACTED-SENSITIVE-SOURCE/SRC-000132.docx,Other,"Likely contains personal, financial or private operational data; committed path is redacted.",Do not commit raw content. Use redacted summaries or synthetic templates only.
SRC-000133,REDACTED-SENSITIVE-SOURCE/SRC-000133.docx,Other,"Likely contains personal, financial or private operational data; committed path is redacted.",Do not commit raw content. Use redacted summaries or synthetic templates only.
SRC-000134,REDACTED-SENSITIVE-SOURCE/SRC-000134.docx,Other,"Likely contains personal, financial or private operational data; committed path is redacted.",Do not commit raw content. Use redacted summaries or synthetic templates only.
SRC-000135,REDACTED-SENSITIVE-SOURCE/SRC-000135.docx,Other,"Likely contains personal, financial or private operational data; committed path is redacted.",Do not commit raw content. Use redacted summaries or synthetic templates only.
SRC-000136,REDACTED-SENSITIVE-SOURCE/SRC-000136.docx,Other,"Likely contains personal, financial or private operational data; committed path is redacted.",Do not commit raw content. Use redacted summaries or synthetic templates only.
SRC-000137,REDACTED-SENSITIVE-SOURCE/SRC-000137.docx,Other,"Likely contains personal, financial or private operational data; committed path is redacted.",Do not commit raw content. Use redacted summaries or synthetic templates only.
SRC-000138,REDACTED-SENSITIVE-SOURCE/SRC-000138.docx,Other,"Likely contains personal, financial or private operational data; committed path is redacted.",Do not commit raw content. Use redacted summaries or synthetic templates only.
SRC-000139,REDACTED-SENSITIVE-SOURCE/SRC-000139.docx,Other,"Likely contains personal, financial or private operational data; committed path is redacted.",Do not commit raw content. Use redacted summaries or synthetic templates only.
SRC-000140,REDACTED-SENSITIVE-SOURCE/SRC-000140.docx,Other,"Likely contains personal, financial or private operational data; committed path is redacted.",Do not commit raw content. Use redacted summaries or synthetic templates only.
SRC-000141,REDACTED-SENSITIVE-SOURCE/SRC-000141.docx,Other,"Likely contains personal, financial or private operational data; committed path is redacted.",Do not commit raw content. Use redacted summaries or synthetic templates only.
SRC-000142,REDACTED-SENSITIVE-SOURCE/SRC-000142.docx,Other,"Likely contains personal, financial or private operational data; committed path is redacted.",Do not commit raw content. Use redacted summaries or synthetic templates only.
SRC-000143,REDACTED-SENSITIVE-SOURCE/SRC-000143.docx,Other,"Likely contains personal, financial or private operational data; committed path is redacted.",Do not commit raw content. Use redacted summaries or synthetic templates only.
SRC-000144,REDACTED-SENSITIVE-SOURCE/SRC-000144.docx,Other,"Likely contains personal, financial or private operational data; committed path is redacted.",Do not commit raw content. Use redacted summaries or synthetic templates only.
SRC-000145,REDACTED-SENSITIVE-SOURCE/SRC-000145.docx,Other,"Likely contains personal, financial or private operational data; committed path is redacted.",Do not commit raw content. Use redacted summaries or synthetic templates only.
SRC-000146,REDACTED-SENSITIVE-SOURCE/SRC-000146.docx,Finance,"Likely contains personal, financial or private operational data; committed path is redacted.",Do not commit raw content. Use redacted summaries or synthetic templates only.
SRC-000147,REDACTED-SENSITIVE-SOURCE/SRC-000147.docx,Finance,"Likely contains personal, financial or private operational data; committed path is redacted.",Do not commit raw content. Use redacted summaries or synthetic templates only.
SRC-000148,REDACTED-SENSITIVE-SOURCE/SRC-000148.docx,Finance,"Likely contains personal, financial or private operational data; committed path is redacted.",Do not commit raw content. Use redacted summaries or synthetic templates only.
SRC-000149,REDACTED-SENSITIVE-SOURCE/SRC-000149.docx,Finance,"Likely contains personal, financial or private operational data; committed path is redacted.",Do not commit raw content. Use redacted summaries or synthetic templates only.
SRC-000150,REDACTED-SENSITIVE-SOURCE/SRC-000150.docx,Finance,"Likely contains personal, financial or private operational data; committed path is redacted.",Do not commit raw content. Use redacted summaries or synthetic templates only.
SRC-000151,REDACTED-SENSITIVE-SOURCE/SRC-000151.docx,Finance,"Likely contains personal, financial or private operational data; committed path is redacted.",Do not commit raw content. Use redacted summaries or synthetic templates only.
SRC-000152,REDACTED-SENSITIVE-SOURCE/SRC-000152.docx,Finance,"Likely contains personal, financial or private operational data; committed path is redacted.",Do not commit raw content. Use redacted summaries or synthetic templates only.
SRC-000153,REDACTED-SENSITIVE-SOURCE/SRC-000153.docx,Finance,"Likely contains personal, financial or private operational data; committed path is redacted.",Do not commit raw content. Use redacted summaries or synthetic templates only.
SRC-000154,REDACTED-SENSITIVE-SOURCE/SRC-000154.docx,Finance,"Likely contains personal, financial or private operational data; committed path is redacted.",Do not commit raw content. Use redacted summaries or synthetic templates only.
SRC-000155,REDACTED-SENSITIVE-SOURCE/SRC-000155.docx,Finance,"Likely contains personal, financial or private operational data; committed path is redacted.",Do not commit raw content. Use redacted summaries or synthetic templates only.
SRC-000156,REDACTED-SENSITIVE-SOURCE/SRC-000156.docx,Finance,"Likely contains personal, financial or private operational data; committed path is redacted.",Do not commit raw content. Use redacted summaries or synthetic templates only.
SRC-000157,REDACTED-SENSITIVE-SOURCE/SRC-000157.docx,Finance,"Likely contains personal, financial or private operational data; committed path is redacted.",Do not commit raw content. Use redacted summaries or synthetic templates only.
SRC-000158,REDACTED-SENSITIVE-SOURCE/SRC-000158.docx,Finance,"Likely contains personal, financial or private operational data; committed path is redacted.",Do not commit raw content. Use redacted summaries or synthetic templates only.
SRC-000159,REDACTED-SENSITIVE-SOURCE/SRC-000159.docx,Finance,"Likely contains personal, financial or private operational data; committed path is redacted.",Do not commit raw content. Use redacted summaries or synthetic templates only.
SRC-000160,REDACTED-SENSITIVE-SOURCE/SRC-000160.docx,Finance,"Likely contains personal, financial or private operational data; committed path is redacted.",Do not commit raw content. Use redacted summaries or synthetic templates only.
SRC-000161,REDACTED-SENSITIVE-SOURCE/SRC-000161.docx,Finance,"Likely contains personal, financial or private operational data; committed path is redacted.",Do not commit raw content. Use redacted summaries or synthetic templates only.
SRC-000163,REDACTED-SENSITIVE-SOURCE/SRC-000163.docx,Finance,"Likely contains personal, financial or private operational data; committed path is redacted.",Do not commit raw content. Use redacted summaries or synthetic templates only.
SRC-000171,REDACTED-SENSITIVE-SOURCE/SRC-000171.xlsx,Administration,"Likely contains personal, financial or private operational data; committed path is redacted.",Do not commit raw content. Use redacted summaries or synthetic templates only.
SRC-000172,REDACTED-SENSITIVE-SOURCE/SRC-000172.xlsx,Finance,"Likely contains personal, financial or private operational data; committed path is redacted.",Do not commit raw content. Use redacted summaries or synthetic templates only.
SRC-000178,REDACTED-SENSITIVE-SOURCE/SRC-000178.pptx,Weekly sessions,"Likely contains personal, financial or private operational data; committed path is redacted.",Do not commit raw content. Use redacted summaries or synthetic templates only.
SRC-000179,REDACTED-SENSITIVE-SOURCE/SRC-000179.file,Weekly sessions,"Likely contains personal, financial or private operational data; committed path is redacted.",Do not commit raw content. Use redacted summaries or synthetic templates only.
SRC-000180,REDACTED-SENSITIVE-SOURCE/SRC-000180.docx,Weekly sessions,"Likely contains personal, financial or private operational data; committed path is redacted.",Do not commit raw content. Use redacted summaries or synthetic templates only.
SRC-000192,REDACTED-SENSITIVE-SOURCE/SRC-000192.pptx,Kickoff camp,"Likely contains personal, financial or private operational data; committed path is redacted.",Do not commit raw content. Use redacted summaries or synthetic templates only.
SRC-000294,REDACTED-SENSITIVE-SOURCE/SRC-000294.xlsx,Rite of passage,"Likely contains personal, financial or private operational data; committed path is redacted.",Do not commit raw content. Use redacted summaries or synthetic templates only.
SRC-000305,REDACTED-SENSITIVE-SOURCE/SRC-000305.xlsx,Rite of passage,"Likely contains personal, financial or private operational data; committed path is redacted.",Do not commit raw content. Use redacted summaries or synthetic templates only.
SRC-000308,REDACTED-SENSITIVE-SOURCE/SRC-000308.xlsx,Administration,"Likely contains personal, financial or private operational data; committed path is redacted.",Do not commit raw content. Use redacted summaries or synthetic templates only.
SRC-000309,REDACTED-SENSITIVE-SOURCE/SRC-000309.xlsx,Other,"Likely contains personal, financial or private operational data; committed path is redacted.",Do not commit raw content. Use redacted summaries or synthetic templates only.
SRC-000312,REDACTED-SENSITIVE-SOURCE/SRC-000312.docx,Finance,"Likely contains personal, financial or private operational data; committed path is redacted.",Do not commit raw content. Use redacted summaries or synthetic templates only.
SRC-000313,REDACTED-SENSITIVE-SOURCE/SRC-000313.docx,Finance,"Likely contains personal, financial or private operational data; committed path is redacted.",Do not commit raw content. Use redacted summaries or synthetic templates only.
SRC-000314,REDACTED-SENSITIVE-SOURCE/SRC-000314.docx,Finance,"Likely contains personal, financial or private operational data; committed path is redacted.",Do not commit raw content. Use redacted summaries or synthetic templates only.
SRC-000315,REDACTED-SENSITIVE-SOURCE/SRC-000315.docx,Finance,"Likely contains personal, financial or private operational data; committed path is redacted.",Do not commit raw content. Use redacted summaries or synthetic templates only.
SRC-000316,REDACTED-SENSITIVE-SOURCE/SRC-000316.docx,Finance,"Likely contains personal, financial or private operational data; committed path is redacted.",Do not commit raw content. Use redacted summaries or synthetic templates only.
SRC-000317,REDACTED-SENSITIVE-SOURCE/SRC-000317.docx,Finance,"Likely contains personal, financial or private operational data; committed path is redacted.",Do not commit raw content. Use redacted summaries or synthetic templates only.
SRC-000318,REDACTED-SENSITIVE-SOURCE/SRC-000318.docx,Finance,"Likely contains personal, financial or private operational data; committed path is redacted.",Do not commit raw content. Use redacted summaries or synthetic templates only.
SRC-000319,REDACTED-SENSITIVE-SOURCE/SRC-000319.docx,Finance,"Likely contains personal, financial or private operational data; committed path is redacted.",Do not commit raw content. Use redacted summaries or synthetic templates only.
SRC-000320,REDACTED-SENSITIVE-SOURCE/SRC-000320.docx,Finance,"Likely contains personal, financial or private operational data; committed path is redacted.",Do not commit raw content. Use redacted summaries or synthetic templates only.
SRC-000321,REDACTED-SENSITIVE-SOURCE/SRC-000321.docx,Finance,"Likely contains personal, financial or private operational data; committed path is redacted.",Do not commit raw content. Use redacted summaries or synthetic templates only.
SRC-000325,REDACTED-SENSITIVE-SOURCE/SRC-000325.pdf,Compass Evening,"Likely contains personal, financial or private operational data; committed path is redacted.",Do not commit raw content. Use redacted summaries or synthetic templates only.
SRC-000328,REDACTED-SENSITIVE-SOURCE/SRC-000328.xlsx,Administration,"Likely contains personal, financial or private operational data; committed path is redacted.",Do not commit raw content. Use redacted summaries or synthetic templates only.
SRC-000329,REDACTED-SENSITIVE-SOURCE/SRC-000329.xlsx,Rite of passage,"Likely contains personal, financial or private operational data; committed path is redacted.",Do not commit raw content. Use redacted summaries or synthetic templates only.
SRC-000334,REDACTED-SENSITIVE-SOURCE/SRC-000334.docx,Onboarding,"Likely contains personal, financial or private operational data; committed path is redacted.",Do not commit raw content. Use redacted summaries or synthetic templates only.
SRC-000335,REDACTED-SENSITIVE-SOURCE/SRC-000335.xlsx,Administration,"Likely contains personal, financial or private operational data; committed path is redacted.",Do not commit raw content. Use redacted summaries or synthetic templates only.
SRC-000345,REDACTED-SENSITIVE-SOURCE/SRC-000345.pptx,Kickoff camp,"Likely contains personal, financial or private operational data; committed path is redacted.",Do not commit raw content. Use redacted summaries or synthetic templates only.
SRC-000360,REDACTED-SENSITIVE-SOURCE/SRC-000360.pptx,Compass Evening,"Likely contains personal, financial or private operational data; committed path is redacted.",Do not commit raw content. Use redacted summaries or synthetic templates only.
SRC-000361,REDACTED-SENSITIVE-SOURCE/SRC-000361.pdf,Rite of passage,"Likely contains personal, financial or private operational data; committed path is redacted.",Do not commit raw content. Use redacted summaries or synthetic templates only.
SRC-000362,REDACTED-SENSITIVE-SOURCE/SRC-000362.pdf,Rite of passage,"Likely contains personal, financial or private operational data; committed path is redacted.",Do not commit raw content. Use redacted summaries or synthetic templates only.
SRC-000363,REDACTED-SENSITIVE-SOURCE/SRC-000363.pdf,Rite of passage,"Likely contains personal, financial or private operational data; committed path is redacted.",Do not commit raw content. Use redacted summaries or synthetic templates only.
SRC-000370,REDACTED-SENSITIVE-SOURCE/SRC-000370.xlsx,Rite of passage,"Likely contains personal, financial or private operational data; committed path is redacted.",Do not commit raw content. Use redacted summaries or synthetic templates only.
SRC-000375,REDACTED-SENSITIVE-SOURCE/SRC-000375.pdf,Finance,"Likely contains personal, financial or private operational data; committed path is redacted.",Do not commit raw content. Use redacted summaries or synthetic templates only.
SRC-000376,REDACTED-SENSITIVE-SOURCE/SRC-000376.xlsx,Finance,"Likely contains personal, financial or private operational data; committed path is redacted.",Do not commit raw content. Use redacted summaries or synthetic templates only.
SRC-000377,REDACTED-SENSITIVE-SOURCE/SRC-000377.jpeg,Finance,"Likely contains personal, financial or private operational data; committed path is redacted.",Do not commit raw content. Use redacted summaries or synthetic templates only.
SRC-000378,REDACTED-SENSITIVE-SOURCE/SRC-000378.jpeg,Kickoff camp,"Likely contains personal, financial or private operational data; committed path is redacted.",Do not commit raw content. Use redacted summaries or synthetic templates only.
SRC-000379,REDACTED-SENSITIVE-SOURCE/SRC-000379.docx,Onboarding,"Likely contains personal, financial or private operational data; committed path is redacted.",Do not commit raw content. Use redacted summaries or synthetic templates only.
SRC-000380,REDACTED-SENSITIVE-SOURCE/SRC-000380.xlsx,Administration,"Likely contains personal, financial or private operational data; committed path is redacted.",Do not commit raw content. Use redacted summaries or synthetic templates only.
SRC-000383,REDACTED-SENSITIVE-SOURCE/SRC-000383.docx,Other,"Likely contains personal, financial or private operational data; committed path is redacted.",Do not commit raw content. Use redacted summaries or synthetic templates only.
SRC-000384,REDACTED-SENSITIVE-SOURCE/SRC-000384.docx,Other,"Likely contains personal, financial or private operational data; committed path is redacted.",Do not commit raw content. Use redacted summaries or synthetic templates only.
SRC-000385,REDACTED-SENSITIVE-SOURCE/SRC-000385.docx,Other,"Likely contains personal, financial or private operational data; committed path is redacted.",Do not commit raw content. Use redacted summaries or synthetic templates only.
SRC-000386,REDACTED-SENSITIVE-SOURCE/SRC-000386.docx,Other,"Likely contains personal, financial or private operational data; committed path is redacted.",Do not commit raw content. Use redacted summaries or synthetic templates only.
SRC-000387,REDACTED-SENSITIVE-SOURCE/SRC-000387.docx,Other,"Likely contains personal, financial or private operational data; committed path is redacted.",Do not commit raw content. Use redacted summaries or synthetic templates only.
SRC-000388,REDACTED-SENSITIVE-SOURCE/SRC-000388.docx,Other,"Likely contains personal, financial or private operational data; committed path is redacted.",Do not commit raw content. Use redacted summaries or synthetic templates only.
SRC-000389,REDACTED-SENSITIVE-SOURCE/SRC-000389.docx,Other,"Likely contains personal, financial or private operational data; committed path is redacted.",Do not commit raw content. Use redacted summaries or synthetic templates only.
SRC-000390,REDACTED-SENSITIVE-SOURCE/SRC-000390.docx,Other,"Likely contains personal, financial or private operational data; committed path is redacted.",Do not commit raw content. Use redacted summaries or synthetic templates only.
SRC-000391,REDACTED-SENSITIVE-SOURCE/SRC-000391.docx,Other,"Likely contains personal, financial or private operational data; committed path is redacted.",Do not commit raw content. Use redacted summaries or synthetic templates only.
SRC-000392,REDACTED-SENSITIVE-SOURCE/SRC-000392.docx,Other,"Likely contains personal, financial or private operational data; committed path is redacted.",Do not commit raw content. Use redacted summaries or synthetic templates only.
SRC-000393,REDACTED-SENSITIVE-SOURCE/SRC-000393.docx,Other,"Likely contains personal, financial or private operational data; committed path is redacted.",Do not commit raw content. Use redacted summaries or synthetic templates only.
SRC-000394,REDACTED-SENSITIVE-SOURCE/SRC-000394.docx,Other,"Likely contains personal, financial or private operational data; committed path is redacted.",Do not commit raw content. Use redacted summaries or synthetic templates only.
SRC-000395,REDACTED-SENSITIVE-SOURCE/SRC-000395.docx,Other,"Likely contains personal, financial or private operational data; committed path is redacted.",Do not commit raw content. Use redacted summaries or synthetic templates only.
SRC-000396,REDACTED-SENSITIVE-SOURCE/SRC-000396.docx,Other,"Likely contains personal, financial or private operational data; committed path is redacted.",Do not commit raw content. Use redacted summaries or synthetic templates only.
SRC-000397,REDACTED-SENSITIVE-SOURCE/SRC-000397.docx,Finance,"Likely contains personal, financial or private operational data; committed path is redacted.",Do not commit raw content. Use redacted summaries or synthetic templates only.
SRC-000398,REDACTED-SENSITIVE-SOURCE/SRC-000398.docx,Finance,"Likely contains personal, financial or private operational data; committed path is redacted.",Do not commit raw content. Use redacted summaries or synthetic templates only.
SRC-000399,REDACTED-SENSITIVE-SOURCE/SRC-000399.docx,Finance,"Likely contains personal, financial or private operational data; committed path is redacted.",Do not commit raw content. Use redacted summaries or synthetic templates only.
SRC-000400,REDACTED-SENSITIVE-SOURCE/SRC-000400.docx,Finance,"Likely contains personal, financial or private operational data; committed path is redacted.",Do not commit raw content. Use redacted summaries or synthetic templates only.
SRC-000401,REDACTED-SENSITIVE-SOURCE/SRC-000401.docx,Finance,"Likely contains personal, financial or private operational data; committed path is redacted.",Do not commit raw content. Use redacted summaries or synthetic templates only.
SRC-000402,REDACTED-SENSITIVE-SOURCE/SRC-000402.docx,Finance,"Likely contains personal, financial or private operational data; committed path is redacted.",Do not commit raw content. Use redacted summaries or synthetic templates only.
SRC-000403,REDACTED-SENSITIVE-SOURCE/SRC-000403.docx,Finance,"Likely contains personal, financial or private operational data; committed path is redacted.",Do not commit raw content. Use redacted summaries or synthetic templates only.
SRC-000404,REDACTED-SENSITIVE-SOURCE/SRC-000404.docx,Finance,"Likely contains personal, financial or private operational data; committed path is redacted.",Do not commit raw content. Use redacted summaries or synthetic templates only.
SRC-000405,REDACTED-SENSITIVE-SOURCE/SRC-000405.docx,Finance,"Likely contains personal, financial or private operational data; committed path is redacted.",Do not commit raw content. Use redacted summaries or synthetic templates only.
SRC-000406,REDACTED-SENSITIVE-SOURCE/SRC-000406.docx,Finance,"Likely contains personal, financial or private operational data; committed path is redacted.",Do not commit raw content. Use redacted summaries or synthetic templates only.
SRC-000407,REDACTED-SENSITIVE-SOURCE/SRC-000407.docx,Finance,"Likely contains personal, financial or private operational data; committed path is redacted.",Do not commit raw content. Use redacted summaries or synthetic templates only.
SRC-000408,REDACTED-SENSITIVE-SOURCE/SRC-000408.docx,Finance,"Likely contains personal, financial or private operational data; committed path is redacted.",Do not commit raw content. Use redacted summaries or synthetic templates only.
SRC-000409,REDACTED-SENSITIVE-SOURCE/SRC-000409.docx,Finance,"Likely contains personal, financial or private operational data; committed path is redacted.",Do not commit raw content. Use redacted summaries or synthetic templates only.
SRC-000410,REDACTED-SENSITIVE-SOURCE/SRC-000410.docx,Finance,"Likely contains personal, financial or private operational data; committed path is redacted.",Do not commit raw content. Use redacted summaries or synthetic templates only.
SRC-000411,REDACTED-SENSITIVE-SOURCE/SRC-000411.docx,Finance,"Likely contains personal, financial or private operational data; committed path is redacted.",Do not commit raw content. Use redacted summaries or synthetic templates only.
SRC-000412,REDACTED-SENSITIVE-SOURCE/SRC-000412.docx,Finance,"Likely contains personal, financial or private operational data; committed path is redacted.",Do not commit raw content. Use redacted summaries or synthetic templates only.
SRC-000414,REDACTED-SENSITIVE-SOURCE/SRC-000414.docx,Finance,"Likely contains personal, financial or private operational data; committed path is redacted.",Do not commit raw content. Use redacted summaries or synthetic templates only.
SRC-000422,REDACTED-SENSITIVE-SOURCE/SRC-000422.xlsx,Administration,"Likely contains personal, financial or private operational data; committed path is redacted.",Do not commit raw content. Use redacted summaries or synthetic templates only.
SRC-000423,REDACTED-SENSITIVE-SOURCE/SRC-000423.xlsx,Finance,"Likely contains personal, financial or private operational data; committed path is redacted.",Do not commit raw content. Use redacted summaries or synthetic templates only.
SRC-000429,REDACTED-SENSITIVE-SOURCE/SRC-000429.pptx,Weekly sessions,"Likely contains personal, financial or private operational data; committed path is redacted.",Do not commit raw content. Use redacted summaries or synthetic templates only.
SRC-000430,REDACTED-SENSITIVE-SOURCE/SRC-000430.file,Weekly sessions,"Likely contains personal, financial or private operational data; committed path is redacted.",Do not commit raw content. Use redacted summaries or synthetic templates only.
SRC-000431,REDACTED-SENSITIVE-SOURCE/SRC-000431.docx,Weekly sessions,"Likely contains personal, financial or private operational data; committed path is redacted.",Do not commit raw content. Use redacted summaries or synthetic templates only.
SRC-000443,REDACTED-SENSITIVE-SOURCE/SRC-000443.pptx,Kickoff camp,"Likely contains personal, financial or private operational data; committed path is redacted.",Do not commit raw content. Use redacted summaries or synthetic templates only.
SRC-000545,REDACTED-SENSITIVE-SOURCE/SRC-000545.xlsx,Rite of passage,"Likely contains personal, financial or private operational data; committed path is redacted.",Do not commit raw content. Use redacted summaries or synthetic templates only.
